1.3157,-0.85311,-0.18087,1.5352,-0.021936,-0.49417,-0.63242,0.0055608,0.25103,0.56073,0.18738,0.10007,-0.4175,0.076759,0.31805,0.086283,0.035341,0.30555,1
0.52626,0.47737,-0.22918,1.7571,-0.027123,-0.49723,-0.56176,0.1657,0.22657,0.55999,0.12921,0.12159,-0.32397,0.056748,0.33435,0.03418,0.030731,0.31027,1
1.0319,-0.48764,-0.55466,1.5565,0.090992,-0.47465,-0.52459,0.21065,0.36065,0.47627,0.19174,0.032331,-0.36724,0.0029039,0.3152,0.076218,0.061964,0.32021,1
1.2089,0.38415,-0.49721,1.5217,0.053316,-0.20986,-0.65208,-0.10335,0.4159,0.58083,0.19809,0.07869,-0.31808,0.017734,0.27213,0.051546,0.034453,0.27067,1
0.66253,-0.28531,-0.47352,1.2025,0.51467,-0.47884,-0.53589,0.074725,0.30671,0.51485,0.12706,0.067166,-0.3311,0.070134,0.33411,0.042134,0.021647,0.3107,1
0.54794,-0.45062,0.051617,1.549,0.030861,-0.42244,-0.53984,0.13506,0.32258,0.49279,0.11328,0.096036,-0.39288,0.052578,0.28597,0.054976,0.035592,0.31608,1
0.74061,-0.27559,-0.52409,1.1863,0.49294,-0.48418,-0.522,0.24557,0.35021,0.50439,0.17019,0.029527,-0.33118,0.051902,0.27485,0.050917,0.040117,0.29056,1
0.9775,-0.29198,0.56413,1.707,-0.017508,-0.43428,-0.46381,-0.17959,0.33389,0.4252,0.28551,0.093114,-0.4105,0.038853,0.34782,0.041067,0.04662,0.30704,1
1.6882,-0.15729,-0.13962,1.6511,0.19391,-0.31172,-0.73468,0.0063028,0.35951,0.49574,0.1425,0.06745,-0.29986,-0.030671,0.26943,0.070961,0.069013,0.32164,1
1.6554,-0.23034,-0.31698,1.569,0.19863,-0.45162,-0.54203,0.14772,0.17747,0.51292,0.22264,0.12245,-0.31106,0.046632,0.28076,0.024675,0.067827,0.31878,1
1.1069,-0.0028365,0.46934,1.7626,0.010569,-0.58213,-0.45507,0.13012,0.083329,0.57905,0.013249,-0.0339,-0.34697,0.054371,0.26909,0.056574,0.029573,0.30586,1
1.0252,0.59697,-0.41792,0.90001,-0.24111,-1.0445,-0.61213,0.061282,0.4108,0.37853,0.15966,0.072928,-0.40758,-0.04042,0.2666,0.052164,0.050949,0.33931,1
0.16849,-0.044443,-0.41932,1.7215,-0.027216,-0.44459,-0.53656,0.059936,0.36528,0.49413,0.19178,0.081828,-0.35517,0.038908,0.26545,0.024414,0.055863,0.3135,1
1.1802,-0.047985,0.37343,1.6078,-0.036837,-0.43034,-0.33434,-0.06267,0.31753,0.36211,0.23683,0.044065,-0.3037,0.12395,0.32598,0.032694,0.037625,0.31684,1
0.51622,-0.32128,-0.057774,1.5121,-0.064562,-0.43019,-0.5042,0.24848,0.38533,0.47478,0.044367,0.098976,-0.36706,0.031888,0.31914,0.045973,0.043274,0.31475,1
1.5037,0.020769,-0.17802,1.4606,0.16305,-0.15861,-0.61505,-0.16477,0.42479,0.44522,0.040841,0.12614,-0.40929,0.020984,0.32532,0.033075,0.07932,0.32611,1
1.0993,-0.0072814,0.49122,1.6643,0.051579,-0.28416,-0.7212,0.095002,0.34943,0.52804,0.07978,0.090609,-0.40438,-0.029766,0.30021,0.034252,0.044051,0.30895,1
0.23236,-0.22929,-0.067421,1.2765,0.49723,-0.45388,-0.4996,0.015514,0.33977,0.45368,0.22305,0.036421,-0.33378,0.058511,0.26756,0.047281,0.038663,0.29245,1
1.2542,-0.66854,-0.38098,1.3351,0.030891,-0.40704,-0.49288,0.031991,0.30388,0.55541,0.10011,0.10275,-0.3861,0.023251,0.25198,0.06013,0.059951,0.3165,1
0.28116,-0.29134,-0.024162,1.3129,0.4535,-0.50831,-0.52371,0.0051225,0.34457,0.47353,0.23652,0.052253,-0.37524,0.038434,0.32621,0.02456,0.0017901,0.32837,1
0.62468,0.14798,0.11953,1.4565,0.50819,-0.44887,-0.54789,0.14688,0.23599,0.47858,0.15274,0.15206,-0.3686,0.058909,0.31424,0.045724,0.041488,0.33609,1
1.4309,-0.81414,-0.35244,1.5529,-0.022422,-0.51968,-0.54905,0.17252,0.38305,0.53791,0.2054,0.058485,-0.35802,0.031778,0.31007,0.058043,0.056364,0.3106,1
0.57178,-0.26876,-0.36877,1.2539,0.51228,-0.54432,-0.52385,0.14382,0.39575,0.47932,0.17805,0.033336,-0.32239,0.06012,0.35015,0.043998,0.026218,0.3094,1
0.23434,-0.25529,-0.076064,1.3557,0.53477,-0.44071,-0.49122,0.01186,0.33474,0.44097,0.21743,0.030447,-0.33017,0.051974,0.31202,0.075813,0.04898,0.31562,1
1.7373,0.11951,-0.0072868,1.8116,0.25492,-0.59127,-0.61506,-0.068868,0.17971,0.50661,0.10055,-0.087518,-0.29521,-0.0056931,0.3512,0.057661,0.027866,0.30653,1
0.79806,0.3185,0.17093,1.5174,0.51211,-0.39787,-0.80603,0.24422,0.33145,0.66066,0.14599,0.17354,-0.34949,0.019142,0.23161,0.034104,0.038901,0.27576,1
0.22902,-0.24251,-0.073567,1.2807,0.49449,-0.47782,-0.50151,0.022114,0.32516,0.47169,0.23502,0.055152,-0.38035,0.0080696,0.29821,0.050102,0.037049,0.33612,1
0.32643,-0.32127,0.025751,1.3057,0.40282,-0.46382,-0.50904,0.0089771,0.34614,0.48703,0.23674,0.034575,-0.41083,0.06209,0.29124,0.049351,0.039986,0.3302,1
0.15641,0.0030457,-0.44793,1.7116,-0.10348,-0.38687,-0.51159,0.066554,0.35499,0.45965,0.16097,0.061926,-0.35779,0.040414,0.31431,0.059866,0.056187,0.3351,1
1.6144,-0.2173,-0.29876,1.616,0.018609,-0.43132,-0.62064,0.28989,0.16444,0.344,0.24116,0.08543,-0.32213,0.035665,0.29718,0.062434,0.033242,0.30872,1
0.29937,-0.17801,-0.25771,1.573,-0.016451,-0.40466,-0.50768,0.12913,0.30262,0.4626,0.1259,0.11619,-0.34666,-0.03844,0.31492,0.032188,0.049104,0.32521,1
0.18297,-0.010442,-0.45546,1.7238,-0.10119,-0.4752,-0.57564,0.10136,0.36445,0.4976,0.16066,0.10219,-0.29094,0.053707,0.39838,0.079334,0.038123,0.30981,1
0.99927,-0.43854,-0.53918,1.3082,0.11131,-0.43588,-0.53594,0.12011,0.29093,0.56689,0.16805,0.092516,-0.3613,0.022574,0.22667,0.039061,0.051958,0.30776,1
1.8662,-0.22619,-0.22497,1.5802,0.10887,-0.46461,-0.30678,0.25374,0.40477,0.47947,0.1995,0.17663,-0.32029,0.050407,0.32027,0.032187,0.063079,0.31922,1
0.75523,-0.58797,0.055727,1.5488,-0.054123,-0.44039,-0.55057,0.10623,0.31038,0.33465,0.25835,0.0056289,-0.33332,0.013935,0.27591,0.053244,0.029579,0.30648,1
0.17088,-0.0059096,-0.4614,1.7471,-0.094892,-0.39144,-0.52404,0.096409,0.34909,0.45793,0.13544,0.072472,-0.35081,0.041853,0.30616,0.13133,0.030344,0.33165,1
0.27683,-0.10984,-0.363,1.6106,-0.083921,-0.54328,-0.61862,0.20289,0.3291,0.62459,0.1879,0.18097,-0.35744,-0.0073792,0.3242,0.0085438,0.0027819,0.30388,1
1.6694,0.2892,0.0080949,1.673,0.21597,-0.46005,-0.31878,-0.13353,0.3554,0.57019,0.097624,-0.0079885,-0.3386,-0.02052,0.30082,0.05739,0.074125,0.31882,1
1.7442,-0.42147,-0.18025,1.7021,0.17769,-0.63053,-0.55816,0.059256,0.3425,0.50224,0.21668,0.17403,-0.40167,0.019622,0.30016,0.080808,0.030294,0.31008,1
0.98742,-0.67965,-0.080241,1.5358,-0.026193,-0.34692,-0.36413,-0.0042131,0.40343,0.4909,0.1081,0.085853,-0.33994,-0.028204,0.30342,0.068558,0.045447,0.30895,1
1.5122,0.71675,-0.70565,1.8068,0.07394,-0.50951,-0.54293,-0.093539,0.18631,0.66952,0.1311,-0.071204,-0.3471,0.069828,0.29485,0.057384,0.031916,0.31369,1
1.1508,0.55418,0.7014,0.46173,-0.44647,-0.12632,-0.32961,0.3647,0.61047,0.7099,0.29279,0.14771,-0.18938,0.035711,0.24307,0.068928,0.030321,0.40585,1
0.57591,-0.05514,-0.84822,1.514,-0.10202,-0.45501,-0.52966,0.044913,0.33532,0.53595,0.18878,0.091363,-0.37934,-0.0067977,0.25471,0.032243,0.011011,0.30806,1
2.0374,0.16919,0.14057,1.8553,0.17272,-0.76836,-0.21582,0.26812,0.7146,0.65762,0.20906,-0.14218,-0.34048,-0.019004,0.37703,0.034926,0.020591,0.29845,1
1.6452,-0.076475,-0.12243,1.6199,0.14882,-0.2914,-0.73897,0.11452,0.31321,0.3515,0.18901,0.095499,-0.32788,-0.044201,0.29938,0.051072,0.02289,0.30638,1
0.30634,-0.26802,-0.13345,1.4129,0.50944,-0.51016,-0.58029,0.1859,0.29916,0.49971,0.12159,0.10442,-0.34275,0.046102,0.31528,0.056042,0.040739,0.33361,1
0.35131,-0.30313,0.0067542,1.2758,0.38124,-0.38909,-0.48773,0.093464,0.30186,0.4396,0.1464,0.043592,-0.36487,0.046944,0.32713,0.036714,0.012729,0.32197,1
0.59644,-0.49184,0.12481,1.5118,0.0018327,-0.38176,-0.51985,0.12504,0.32192,0.4814,0.10982,0.07699,-0.39158,0.070526,0.30768,0.069568,0.025174,0.31379,1
0.99073,0.059801,0.50562,1.7993,0.071323,-0.3499,-0.56877,-0.20285,0.53206,0.37746,0.26795,0.066459,-0.32066,-0.0083583,0.28609,0.01745,0.035423,0.31547,1
0.79342,-0.3862,-0.38246,1.196,0.40463,-0.42434,-0.49439,0.015124,0.33171,0.5472,0.096656,0.09004,-0.26506,0.099663,0.27128,0.053692,0.040668,0.26978,1
1.5318,-0.18891,-0.3864,1.531,0.20119,-0.47641,-0.54647,0.017487,0.25229,0.49662,0.15559,0.16442,-0.29917,0.036718,0.3013,0.038416,0.049353,0.31124,1
1.2496,-0.71838,-0.38343,1.5278,0.083357,-0.48868,-0.56346,0.07666,0.31207,0.52258,0.11996,0.10102,-0.34597,0.039239,0.27438,0.088075,0.075518,0.31755,1
0.51674,-0.35442,-0.069711,1.5532,-0.10735,-0.52418,-0.54196,0.23952,0.40148,0.5947,0.14713,0.15894,-0.37926,-0.013986,0.27436,0.009945,0.0066867,0.30513,1
0.92566,-0.591,-0.23141,1.4833,0.073938,-0.40431,-0.47452,0.0026056,0.30107,0.41209,0.14469,0.066146,-0.31759,-0.027258,0.38435,0.041841,0.084819,0.322,1
1.6506,-0.036728,-0.15086,1.7228,0.18524,-0.4221,-0.6525,-0.062769,0.46145,0.62317,0.14565,0.063971,-0.44225,0.0052765,0.28346,0.05232,0.036927,0.31258,1
1.3459,-0.84101,-0.2343,1.5629,0.0093981,-0.40307,-0.50926,0.036013,0.31056,0.43,0.1012,0.070839,-0.26271,0.042334,0.28058,0.13938,0.051492,0.3217,1
1.334,0.18099,-0.55894,1.2897,0.5944,-0.54755,-0.43715,0.31749,0.28271,0.48149,0.18911,0.12441,-0.33484,0.0056646,0.31866,0.049855,0.052134,0.31564,1
0.232,-0.23097,-0.068477,1.2818,0.49881,-0.46034,-0.50142,0.018315,0.33412,0.44957,0.21427,0.031299,-0.38522,0.047526,0.28614,0.046656,0.032922,0.33517,1
1.716,-0.041927,-0.073977,1.5721,0.15118,-0.5274,-0.1568,0.21303,0.44568,0.48059,0.14072,0.15612,-0.28542,0.052035,0.36645,0.02501,0.034203,0.31338,1
1.682,0.063783,-0.36322,1.6368,0.1983,-0.31727,-0.70666,0.062967,0.29247,0.42774,0.16046,0.032474,-0.30969,-0.016915,0.33246,0.037454,0.039113,0.31087,1
0.16651,-0.0049807,-0.45867,1.7396,-0.11371,-0.46293,-0.56232,0.076951,0.37652,0.52309,0.19393,0.088678,-0.36273,0.059266,0.27988,0.055474,0.04051,0.312,1
0.97956,0.17992,0.35239,1.5982,0.15945,-0.31684,-0.73299,0.12796,0.33923,0.48111,0.052924,0.11515,-0.3749,0.002917,0.32704,0.056103,0.025634,0.31432,1
1.5644,-0.29386,-0.045455,1.5823,0.09836,-0.14791,-1.0816,0.17984,0.62208,0.48605,0.13503,-0.22325,-0.26945,0.40568,0.31542,0.0072024,0.03703,0.3297,1
0.52507,0.29719,-0.14333,1.6621,0.063612,-0.37732,-0.53279,0.12505,0.27626,0.41252,0.1483,0.2357,-0.35497,-0.0069289,0.2557,0.033125,0.035803,0.31108,1
0.6199,0.14218,-0.73458,0.69373,-0.3401,-0.81885,-0.7272,0.041938,0.36879,0.32456,0.13132,0.086781,-0.38737,-0.0065662,0.2557,0.034592,0.026565,0.31354,1
0.68391,-0.59539,0.21933,1.5449,-0.090635,-0.43836,-0.54235,0.088926,0.34079,0.51685,0.15267,0.098222,-0.38553,0.061113,0.37285,0.020587,0.021861,0.30516,1
0.8737,0.048611,0.23242,1.7147,-0.02414,-0.48437,-0.51503,0.11597,0.20813,0.5573,0.14485,0.13269,-0.29201,0.025968,0.307,0.015601,0.014922,0.30221,1
0.62211,-0.50754,0.11284,1.5762,-0.10045,-0.39779,-0.53156,0.13098,0.32107,0.51047,0.12123,0.093264,-0.42188,0.048972,0.36466,0.066392,0.042281,0.31535,1
1.6948,0.02083,0.085901,1.7356,0.13238,-0.65059,-0.2623,-0.058753,-0.040426,0.65399,0.15613,-0.0977,-0.30595,0.036711,0.2827,0.063318,0.033967,0.31194,1
0.57726,-0.27701,-0.40665,1.1978,0.52742,-0.44241,-0.47144,-0.023051,0.32078,0.49819,0.077832,0.080452,-0.34628,0.043754,0.34443,0.051639,0.030722,0.33427,1
0.60885,-0.52847,0.1069,1.6167,0.041433,-0.44926,-0.55649,0.11803,0.33365,0.46009,0.091254,0.096629,-0.34579,0.068687,0.34995,0.11613,0.027356,0.31349,1
1.6733,-0.085871,-0.097164,1.4992,0.031341,-0.48092,-0.43701,0.060497,0.15597,0.47803,0.22978,0.17736,-0.27798,0.13207,0.29916,0.02894,0.028771,0.32562,1
1.8436,-0.003972,0.054446,1.7669,0.14766,-0.72624,-0.20714,-0.052219,0.029744,0.56059,0.081361,-0.10755,-0.29224,0.028135,0.33912,0.062615,0.028122,0.30607,1
1.263,-0.012173,-0.11966,1.6315,0.13046,-0.55533,-0.45321,0.11006,0.24677,0.48936,0.2374,0.049156,-0.36988,-0.029,0.31305,0.055099,0.042579,0.31888,1
1.308,0.56835,-0.52204,1.5425,0.21167,-0.55897,-0.053452,-0.067034,0.33037,0.54317,0.046486,-0.0073164,-0.33564,0.079578,0.30191,0.075973,0.056526,0.31652,1
0.60668,-0.33654,-0.41863,1.4513,0.62903,-0.56725,-0.43271,0.077946,0.50552,0.47025,0.11021,0.035715,-0.34967,0.035893,0.2825,0.087284,0.087836,0.34092,1
0.19436,0.023456,-0.47301,1.6538,-0.15942,-0.41192,-0.55458,0.18049,0.3261,0.50625,0.1103,0.11059,-0.36885,0.026399,0.29689,0.045829,0.041298,0.33192,1
0.17144,-0.00093433,-0.45688,1.7273,-0.1088,-0.4606,-0.56063,0.079905,0.36688,0.46661,0.14798,0.083189,-0.33463,0.052953,0.35757,0.073,0.025774,0.32954,1
1.0943,0.060538,0.43442,1.7899,0.048907,-0.4691,-0.77933,0.069144,0.36666,0.60573,0.15104,0.13919,-0.36345,0.00089165,0.3149,0.062979,0.020657,0.30855,1
1.5255,-0.17143,0.30261,1.6834,-1.2886e-05,-0.19651,-0.53663,-0.30102,0.44058,0.52752,0.15628,0.13645,-0.35021,0.024106,0.28878,0.04233,0.049288,0.331,1
1.4418,0.14151,-0.40983,1.6647,0.25511,-0.388,-0.71714,-0.089661,0.39523,0.55333,0.19674,0.1384,-0.37955,-0.018991,0.28383,0.10369,0.02333,0.3167,1
1.8115,0.36667,-0.48964,1.6087,0.43201,-0.49407,-0.5248,0.15866,0.39383,0.58854,0.19946,0.17607,-0.37942,0.11034,0.27583,0.074084,0.065118,0.30926,1
1.2529,0.10714,-0.073114,1.3334,0.4432,-0.45105,-0.19265,0.052186,0.43863,0.4153,0.14427,0.13524,-0.40374,0.050275,0.31875,0.060827,0.043937,0.32883,1
1.4945,-0.042584,-0.55976,1.4439,0.11529,-0.39191,-0.47108,-0.060201,0.25296,0.41881,0.046718,0.15247,-0.31566,0.025296,0.31559,0.029086,0.031772,0.31294,1
0.32157,-0.26524,-0.059907,1.4718,0.044621,-0.44066,-0.49166,-0.075819,0.39504,0.47118,0.27543,0.042267,-0.30416,0.067048,0.29102,0.039458,0.020096,0.28639,1
1.2844,-0.77044,-0.32564,1.5095,0.068102,-0.4831,-0.55944,0.067379,0.3221,0.58719,0.19682,0.11688,-0.26741,0.044092,0.27797,0.072871,0.067004,0.32855,1
0.74647,0.75772,0.31516,0.42671,-0.23795,-0.0058917,-0.5785,0.2166,0.26907,0.5327,0.11704,0.077337,-0.27639,0.010655,0.38407,0.069262,0.040922,0.25323,1
0.74989,-0.25926,-0.63978,1.4304,0.053066,-0.52842,-0.49808,0.089169,0.41258,0.60143,0.22074,0.098208,-0.39406,-0.020243,0.27924,0.0066436,0.0066224,0.30532,1
1.4462,-0.18953,-0.17741,1.5958,0.12136,-0.49734,-0.36165,-0.074299,0.47546,0.53343,0.18673,0.17509,-0.29021,0.022393,0.2869,0.027542,0.052069,0.316,1
0.61633,-0.29966,-0.3393,1.1801,0.44424,-0.3862,-0.39558,0.12697,0.35002,0.48868,0.032184,0.097049,-0.32356,-0.026489,0.29673,0.053342,0.034231,0.30889,1
0.57357,-0.111,-0.84555,1.628,-0.022283,-0.46004,-0.5185,0.010909,0.34831,0.59052,0.20946,0.10753,-0.40079,-0.0095993,0.21492,0.04157,0.044834,0.31521,1
0.42173,0.41744,-0.15447,1.8225,0.084908,-0.52157,-0.49883,-0.11805,0.3387,0.5639,0.41384,0.13586,-0.4683,0.073696,0.26444,0.051466,0.046901,0.34428,1
1.0976,-0.73884,-0.060705,1.5068,-0.11,-0.45011,-0.63465,0.057856,0.24225,0.48525,0.27825,0.045032,-0.36056,0.080555,0.33434,0.056035,0.058353,0.31439,1
1.5239,0.23507,-0.13657,0.22556,-0.33648,-0.14576,-0.35557,0.14033,0.11648,0.52489,0.22756,0.085958,-0.46655,0.013724,0.44985,0.079937,0.043651,0.32627,1
1.2778,-0.076811,-0.062653,1.5434,0.035499,-0.53789,-0.50533,-0.028863,0.21809,0.46692,0.25406,0.067114,-0.34429,-0.0098091,0.30339,0.052184,0.029825,0.31293,1
0.8563,0.024101,0.2617,1.7684,-0.066239,-0.42188,-0.45865,-0.016596,0.26775,0.39106,0.18936,0.18738,-0.34212,0.046616,0.29932,0.065275,0.044303,0.31439,1
0.51644,-0.097468,-0.7153,1.5907,-0.088684,-0.38187,-0.43274,-0.16326,0.39346,0.46484,0.12213,0.062422,-0.32486,0.037646,0.3349,0.032078,0.0384,0.31046,1
1.759,-0.17949,-0.005723,1.569,0.13475,-0.37804,-0.74447,-0.0056315,0.33842,0.6124,0.15775,-0.01659,-0.43379,-0.011853,0.28738,0.048775,0.043651,0.31166,1
0.29562,-0.34715,-0.034487,1.4646,0.51739,-0.4495,-0.49722,0.00161,0.3515,0.47898,0.25109,0.055385,-0.26597,0.059905,0.23709,0.087869,0.07513,0.26536,1
0.18964,-0.025461,-0.46286,1.8092,-0.065322,-0.44657,-0.49732,0.14546,0.4431,0.52752,0.18214,0.076214,-0.33324,0.039949,0.32625,0.061763,0.042688,0.3096,1
1.3826,0.78343,-0.45651,0.96289,-0.29521,-1.1133,-0.53744,-0.070314,0.0827,0.4616,0.087375,0.069832,-0.36901,0.097195,0.25288,0.057386,0.049865,0.32176,1
1.7014,0.19096,-0.82935,1.3606,0.67422,-0.57241,-0.45812,0.28727,0.15755,0.45666,0.18092,0.21397,-0.32435,0.115,0.34154,0.055175,0.052724,0.31916,1
0.63169,-0.085553,-0.87058,1.6,-0.027924,-0.49928,-0.42986,0.138,0.48852,0.48475,0.20084,0.042226,-0.3549,-0.053203,0.2599,0.050209,0.035231,0.30807,1
1.2149,0.033467,-0.41102,1.5875,0.14347,-0.48589,-0.51354,-0.038014,0.24594,0.48842,0.20476,0.080817,-0.36138,-0.00082807,0.33696,0.06723,0.0265,0.32567,1
1.0453,-0.46057,-0.59022,1.4733,0.0596,-0.43074,-0.61292,-0.0032473,0.26452,0.53929,0.177,0.034493,-0.41231,0.14664,0.31735,0.049537,0.05035,0.32421,1
0.43002,0.42716,-0.14579,1.8397,0.091053,-0.56777,-0.41908,-0.091126,0.37029,0.59197,0.37194,0.02971,-0.42626,-0.013726,0.27212,0.037342,0.054429,0.34084,1
1.8755,-0.10949,-0.20119,1.6643,0.20845,-0.30664,-0.64689,0.066736,0.41861,0.52627,0.18133,0.079088,-0.42602,0.053522,0.33939,0.021933,0.066004,0.3154,1
1.1069,-0.77242,-0.081333,1.6248,-0.051231,-0.52089,-0.50042,0.073535,0.40807,0.43877,0.19765,0.070284,-0.31869,-0.024666,0.31724,0.075981,0.05794,0.30922,1
0.25469,0.055339,-0.10029,0.8448,-0.30205,-0.94704,-0.76923,-0.12055,0.49627,0.35199,0.13328,0.104,-0.40667,0.11505,0.27597,0.025879,0.024322,0.31301,1
0.31171,-0.21057,-0.28626,1.7731,-0.01666,-0.52955,-0.59904,0.086103,0.3806,0.56812,0.21583,0.12381,-0.31601,0.063268,0.31201,0.084116,0.039079,0.29441,1
0.32333,-0.2846,-0.05301,1.3298,0.4385,-0.45225,-0.53413,0.12387,0.31327,0.50904,0.17684,0.072745,-0.35942,0.058691,0.28395,0.049841,0.044716,0.31369,1
0.17693,-0.00533,-0.45785,1.7397,-0.093179,-0.34908,-0.51368,0.12577,0.34384,0.51781,0.16578,0.07106,-0.36236,0.059926,0.26874,0.10558,0.047089,0.31359,1
1.6619,-0.18358,-0.47235,1.6061,0.12867,-0.45164,-0.47904,0.14752,0.2809,0.51535,0.16606,0.15398,-0.38683,-0.00024319,0.32263,0.063666,0.03796,0.31811,1
1.5068,-0.23235,-0.27335,1.6657,0.24238,-0.59953,-0.48011,0.093268,0.42827,0.47461,0.20616,0.15195,-0.36394,-0.006929,0.35807,0.048741,0.025009,0.31395,1
0.32445,-0.19405,-0.17122,1.4601,0.084003,-0.40747,-0.51736,0.11147,0.32025,0.41274,0.093219,0.077629,-0.31835,0.036884,0.29916,0.050165,0.027894,0.30591,1
1.246,-0.67647,-0.54189,1.5479,0.13709,-0.46466,-0.59408,-0.049585,0.25787,0.60316,0.1415,0.10947,-0.3857,0.088124,0.34534,0.029106,0.074509,0.32564,1
1.7503,-0.042435,-0.86283,1.5002,0.36956,-0.20996,-1.1508,0.33007,0.55255,0.59751,-0.014257,-0.18871,-0.43613,0.39665,0.35292,0.0071299,0.083982,0.33107,1
1.5399,0.036574,-0.12886,1.5814,0.22003,-0.33759,-0.69579,0.0062339,0.33004,0.44803,0.18695,0.083501,-0.2536,-0.014829,0.28973,0.042858,0.03256,0.30644,1
0.7393,0.87726,0.31772,0.34669,0.076261,-0.1169,-0.6209,0.33194,0.22121,0.68312,0.17036,0.096316,-0.42531,0.12293,0.39754,0.079307,0.066149,0.26516,1
0.74286,0.85464,-0.0059335,1.8921,-0.053349,-0.38668,-0.48881,-0.027584,0.16014,0.49965,0.041817,-0.16615,-0.26114,-0.011143,0.30374,0.037265,0.078047,0.31306,1
0.68342,0.47928,-0.059696,1.8191,0.1527,-0.32198,-0.74402,0.11035,0.36749,0.46153,0.061465,0.10868,-0.33676,-0.0074702,0.25026,0.028715,0.029965,0.30641,1
0.20153,0.027654,-0.45367,1.6961,-0.12012,-0.44656,-0.51624,0.17424,0.44498,0.49624,0.12682,0.063523,-0.33725,0.08023,0.32351,0.085845,0.018584,0.30588,1
0.2866,0.053281,0.12902,0.22304,-0.34376,-0.24158,-0.41346,0.10485,0.31978,0.87169,0.54134,0.11652,-0.18698,0.030821,0.30681,0.095075,0.095129,0.24285,1
1.0569,-0.58134,-0.36288,1.4182,0.037295,-0.44401,-0.49727,-0.022149,0.32753,0.52567,0.1263,0.093365,-0.37891,0.018389,0.34608,-0.018067,0.068044,0.321,1
0.31986,-0.35274,0.014248,1.3744,0.44205,-0.43552,-0.475,-0.007753,0.32766,0.42445,0.21111,0.040787,-0.35658,0.012452,0.32181,0.075517,0.045093,0.329,1
1.2747,-0.68351,-0.38486,1.4323,0.040206,-0.51042,-0.52395,0.15216,0.38048,0.53902,0.16952,0.075675,-0.33838,0.017487,0.34939,0.044211,0.035884,0.30858,1
1.0242,0.15229,0.46614,1.7615,0.10507,-0.66691,-0.36385,0.019141,0.019441,0.73752,0.15991,-0.16445,-0.3083,0.027331,0.29939,0.025965,0.015854,0.30758,1
0.24273,-0.039475,-0.40841,1.6694,-0.16382,-0.38346,-0.53279,0.1598,0.32305,0.46572,0.092629,0.099136,-0.34301,0.025362,0.32514,0.034383,0.046695,0.33039,1
0.62664,-0.16255,-0.71592,1.5991,-0.16528,-0.47419,-0.54011,0.032775,0.33737,0.46104,0.19992,0.0703,-0.39088,-0.022856,0.26032,0.079142,0.0086321,0.32179,1
1.4794,0.048902,-0.14565,1.4719,0.23503,-0.32242,-0.68365,-0.094957,0.39223,0.5934,0.14967,0.12894,-0.38906,0.0048,0.33064,0.01472,0.035965,0.31581,1
0.61868,-0.3048,-0.47127,1.3963,0.34723,-0.48531,-0.50397,-0.057502,0.36625,0.58625,0.17798,0.10474,-0.30512,0.061682,0.2924,0.056923,0.048671,0.27815,1
1.2136,0.51243,-0.66357,1.7516,0.054911,-0.33481,-0.63592,-0.076239,0.49175,0.53815,0.15071,-0.018686,-0.38169,0.059457,0.29385,0.057683,0.039326,0.31247,1
0.85981,-0.6226,-0.12834,1.5862,0.12069,-0.49786,-0.44145,-0.019393,0.43137,0.47493,0.13459,0.10114,-0.30835,-0.021596,0.33022,0.056359,0.034225,0.30804,1
0.17229,0.022964,-0.45348,1.6551,-0.14435,-0.43146,-0.54979,0.10955,0.35432,0.49269,0.14756,0.085555,-0.38279,0.044526,0.28524,0.088698,0.037259,0.33351,1
0.61112,-0.34583,-0.34294,1.2979,0.49277,-0.44359,-0.42416,0.10349,0.37014,0.53048,0.10331,0.10066,-0.32928,-0.023935,0.30447,0.057864,0.043374,0.31147,1
1.3614,-0.016637,0.67471,1.8785,-0.07328,-0.72501,-0.34941,0.15425,0.12724,0.6447,0.14738,0.10508,-0.25726,0.12805,0.35537,0.039477,0.049865,0.32728,1
0.73402,0.016882,0.16014,1.5609,0.21707,-0.38784,-0.53813,0.14538,0.25793,0.44195,0.15269,0.24705,-0.33892,-0.0034673,0.30342,0.029773,0.05225,0.31719,1
0.53252,-0.51784,0.14954,1.6242,-0.045689,-0.46606,-0.50244,-0.12242,0.41715,0.44407,0.2566,0.042949,-0.31286,0.081963,0.30618,0.046011,0.040992,0.3127,1
0.52324,0.47899,-0.21753,1.7887,-0.17242,-0.44829,-0.51739,0.082627,0.25525,0.51268,0.16566,0.11961,-0.36053,0.050463,0.28089,0.054505,0.033262,0.31158,2
1.5354,-0.4146,0.14858,1.6356,-0.0016979,-0.48694,-0.44174,-0.1365,0.40554,0.49042,0.15651,0.097779,-0.41696,0.050935,0.32655,0.088954,0.036426,0.30439,2
1.0259,-0.5271,-0.41626,1.4593,0.04315,-0.47185,-0.46733,0.069752,0.40536,0.52753,0.12878,0.085329,-0.35818,0.0057602,0.28435,0.055941,0.036115,0.31116,2
0.30748,-0.30524,-0.013723,1.3753,0.35539,-0.48913,-0.50956,-0.035199,0.35808,0.40902,0.20388,0.034157,-0.35888,0.047926,0.33177,0.02711,0.021224,0.32378,2
1.9745,0.12205,0.015422,1.5942,0.097457,-0.50844,-0.43107,0.071193,0.50706,0.48579,0.19425,0.13925,-0.43269,0.08967,0.3844,0.015563,0.016702,0.30695,2
0.67926,-0.35983,-0.40941,1.2898,0.50682,-0.44407,-0.49781,0.028929,0.31065,0.54448,0.13776,0.075581,-0.34981,0.051184,0.37116,0.046369,0.020911,0.33167,2
1.1975,0.088467,0.12966,1.66,0.23378,-0.32395,-0.65001,0.033704,0.44971,0.42015,0.2136,0.029855,-0.35275,-0.024683,0.29637,0.054796,0.049435,0.31328,2
1.6636,-0.1301,-0.10199,1.6952,0.18579,-0.46723,-0.81707,0.27471,0.37913,0.40595,0.26508,0.04468,-0.33855,-0.089448,0.26725,0.0068574,0.013609,0.30147,2
1.9124,-0.26205,-0.49405,1.4521,0.14865,-0.45437,-0.50222,0.2111,0.24745,0.39671,0.075187,0.13577,-0.29761,0.026931,0.33931,0.062114,0.027197,0.30707,2
0.9066,-0.15356,-1.0764,1.5701,-0.094129,-0.44346,-0.45838,0.059081,0.41047,0.55486,0.12027,0.084026,-0.35003,-0.010319,0.29442,0.060646,0.061308,0.31405,2
0.60226,0.51445,-0.35139,1.6346,-0.061207,-0.32546,-0.45068,0.075703,0.21534,0.27078,0.28611,0.025506,-0.38157,0.036985,0.262,0.035471,0.045933,0.33604,2
0.23607,-0.11176,-0.3311,1.677,-0.0037626,-0.3783,-0.50771,0.08746,0.34258,0.48071,0.16592,0.070957,-0.33857,0.043761,0.29573,0.06998,0.054038,0.31263,2
1.2994,0.027297,0.08786,1.512,0.090856,-0.42215,-0.20381,-0.093339,0.41137,0.54435,-0.10059,0.26681,-0.456,0.094347,0.33071,0.06117,0.037019,0.319,2
1.8388,-0.09033,-0.26989,1.5447,0.037831,-0.31623,-0.7531,0.1084,0.30892,0.45916,0.17346,0.096274,-0.39137,-0.046104,0.34176,0.042672,0.047626,0.31131,2
0.4864,-0.34857,-0.050546,1.6612,0.0037293,-0.38629,-0.47016,0.14717,0.42645,0.45823,0.10236,0.034249,-0.37411,0.092733,0.31873,0.10388,0.055805,0.31907,2
1.137,-0.22212,0.49883,1.7905,-0.069176,-0.49788,-0.57617,0.12174,0.25305,0.49741,0.05574,0.11489,-0.38327,0.1466,0.32736,0.10512,0.050538,0.30522,2
1.3886,0.16254,0.022071,1.5196,0.11324,-0.27834,-0.44054,-0.18141,0.58447,0.43939,0.12774,0.10819,-0.26053,0.019563,0.25886,0.036549,0.0092709,0.30886,2
1.3174,0.22756,0.51117,1.7055,-0.043409,-0.42266,-0.49068,0.43422,0.60184,0.51674,0.029296,0.22347,-0.40512,0.059672,0.28907,0.0576,0.036177,0.30571,2
1.1547,-0.63975,-0.27306,1.4242,-0.097286,-0.39683,-0.43434,0.091732,0.37767,0.49186,0.14697,0.0511,-0.41297,-0.015991,0.29273,-0.0089768,0.082912,0.31456,2
1.5323,-0.033633,-0.044401,1.5824,0.11364,-0.30352,-0.79392,0.18659,0.32603,0.44777,0.25976,0.047794,-0.30767,-0.0075859,0.20717,0.079214,0.067449,0.31809,2
1.7763,-0.11202,-0.28817,1.5812,0.23696,-0.38472,-0.7301,0.13195,0.42182,0.58334,0.24605,0.10763,-0.33441,-0.052434,0.31156,0.031069,0.039704,0.31255,2
0.86531,-0.48236,-0.33874,1.56,0.10288,-0.50923,-0.46135,0.20056,0.47374,0.54424,0.28205,0.031629,-0.3541,-0.011209,0.33583,0.07655,0.047295,0.31318,2
0.72976,0.40828,0.13861,1.4262,0.57915,-0.29867,-0.70612,0.15082,0.30829,0.45966,0.1083,0.096207,-0.35424,-0.00020227,0.33614,0.034313,0.0078775,0.32857,2
1.6995,0.31943,-0.46505,1.7393,0.26296,-0.58202,-0.70349,0.13201,0.36271,0.36963,0.19639,0.16087,-0.37866,0.085756,0.2949,0.094285,0.087953,0.33636,2
0.99644,-0.20719,0.41671,1.6956,0.014304,-0.40736,-0.54297,0.09214,0.27067,0.45794,0.10521,0.14993,-0.32955,0.065774,0.32042,0.052549,0.064594,0.31371,2
1.5174,0.13376,-0.019612,1.4898,0.15064,-0.30195,-0.54527,-0.051375,0.41297,0.44774,0.11212,0.080631,-0.36535,0.0077825,0.30903,0.060493,0.037733,0.31308,2
1.6462,0.20106,-0.63093,1.4108,0.64059,-0.40802,-0.73503,0.25849,0.34352,0.48646,0.14644,0.10485,-0.32095,-0.012401,0.3402,0.054179,0.044451,0.31211,2
1.7202,-0.38402,-0.32257,1.6246,0.12806,-0.50961,-0.63174,0.15785,0.22979,0.5535,0.20379,0.19218,-0.40535,0.0075712,0.31304,0.059364,0.056177,0.3156,2
0.24163,-0.2624,-0.079265,1.3746,0.54337,-0.48536,-0.44123,0.046782,0.41239,0.44369,0.22517,0.03589,-0.3146,0.00038941,0.33301,0.083179,0.077292,0.3188,2
1.209,-0.66277,-0.38821,1.3656,0.11603,-0.40905,-0.49674,0.049998,0.28774,0.4439,0.10996,0.076582,-0.28124,0.0058374,0.27579,0.059668,0.049997,0.3126,2
0.19521,-0.024708,-0.48406,1.798,-0.10994,-0.52733,-0.61448,0.13301,0.37004,0.55184,0.16709,0.12377,-0.36448,0.054458,0.32551,0.028934,0.041521,0.33231,2
0.60657,-0.36843,-0.33218,1.3549,0.51108,-0.50539,-0.53655,0.028042,0.33212,0.51346,0.16761,0.080381,-0.29207,0.063158,0.32627,0.047311,0.021865,0.29303,2
1.2117,-0.75241,-0.34802,1.6431,0.043996,-0.57641,-0.60596,0.044737,0.35054,0.62902,0.20908,0.14738,-0.31046,0.040706,0.30588,0.071138,0.053006,0.3206,2
0.94684,-0.40103,-0.64992,1.2928,0.50412,-0.53464,-0.52712,0.22115,0.34487,0.58214,0.11131,0.10018,-0.36501,0.0025201,0.3111,0.050307,0.05329,0.33534,2
1.8283,-0.11067,-0.14058,1.5353,0.15078,-0.32055,-0.68504,-0.019117,0.33801,0.49298,0.17217,0.12646,-0.38472,0.0051995,0.29179,0.067381,0.047846,0.31527,2
0.27428,-0.27852,-0.019803,1.284,0.45081,-0.45062,-0.48622,-0.00060899,0.33043,0.41529,0.19942,0.034357,-0.36601,0.026656,0.30267,0.045264,0.0307,0.33282,2
0.21894,-0.028509,-0.40158,1.675,-0.17317,-0.38186,-0.52078,0.1018,0.34567,0.46144,0.13063,0.074484,-0.35816,0.042303,0.32067,0.085494,0.0070868,0.32592,2
0.50065,0.46069,-0.27786,1.8365,-0.045791,-0.4446,-0.56301,0.14728,0.27289,0.45996,0.12797,0.19552,-0.36601,0.07798,0.30752,0.021841,0.025465,0.33115,2
1.9026,-0.16387,-0.21834,1.4938,0.13026,-0.58007,-0.27894,0.31032,0.46349,0.45037,0.20275,0.16913,-0.35423,0.031434,0.36391,0.036724,0.03999,0.30869,2
0.24146,-0.042333,-0.41752,1.7146,-0.17641,-0.45599,-0.57906,0.13894,0.36021,0.53029,0.14606,0.10862,-0.36135,0.061839,0.27758,0.098063,0.038594,0.31114,2
0.15124,0.0010833,-0.43167,1.6755,-0.1019,-0.4176,-0.5219,0.044335,0.36622,0.48246,0.19855,0.070922,-0.32269,0.040022,0.35217,0.058176,0.073305,0.31686,2
0.28906,-0.28457,-0.016531,1.2925,0.43671,-0.48036,-0.52269,0.022609,0.35159,0.53415,0.27309,0.052906,-0.35894,0.06891,0.27801,0.055062,0.04896,0.30099,2
0.7024,-0.57492,0.18695,1.5766,-0.014681,-0.49135,-0.54178,0.20108,0.42721,0.56253,0.12855,0.10078,-0.34783,0.096554,0.35754,0.06221,0.0576,0.312,2
0.2165,-0.068174,-0.41194,1.7675,-0.14925,-0.47094,-0.56253,0.075588,0.36843,0.53399,0.20495,0.10276,-0.34529,0.035115,0.3887,0.020015,0.02257,0.32785,2
1.269,-0.16731,0.017337,1.7383,0.031297,-0.519,-0.58435,0.32575,0.25654,0.30686,0.37178,0.071212,-0.37248,-0.024686,0.30466,0.043044,0.056798,0.31116,2
0.79094,0.66598,0.37502,0.8541,-0.0013614,-0.82044,-0.78292,-0.10615,0.54559,0.44732,0.27052,0.21444,-0.32472,0.077838,0.1977,0.054776,0.075987,0.26346,2
1.8526,-0.065339,-0.25992,1.5169,0.20088,-0.33932,-0.61219,0.0059767,0.40669,0.53587,0.069079,0.12523,-0.35403,-0.037741,0.31395,0.057203,0.053151,0.31387,2
0.50761,-0.26873,-0.23432,1.1161,0.41663,-0.41003,-0.46588,0.0035496,0.31983,0.49932,0.14382,0.056329,-0.38414,0.0473,0.26212,0.046149,0.031868,0.31364,2
0.23632,-0.23941,-0.070045,1.2938,0.49666,-0.5031,-0.52904,0.018925,0.34609,0.49895,0.25409,0.050861,-0.34573,0.056147,0.34166,0.043646,0.027432,0.31277,2
1.6903,0.4171,-0.57868,1.6335,0.17187,-0.32715,-0.64723,0.11235,0.23869,0.44421,0.17581,0.056644,-0.26821,0.13115,0.32614,0.067214,0.05755,0.29348,2
1.6785,-0.31954,-0.11668,1.527,0.034317,-0.41752,-0.49994,-0.0050814,0.24366,0.45051,0.1852,0.1322,-0.36925,0.071457,0.30001,0.071395,0.048912,0.31493,2
0.5076,-0.49075,0.16568,1.4307,0.041105,-0.52333,-0.62079,-0.078993,0.3307,0.63218,0.34998,0.091549,-0.40666,0.12292,0.27975,0.00014781,0.01599,0.30999,2
0.88635,-0.72553,0.36611,1.5953,-0.18177,-0.45261,-0.45235,0.22561,0.50038,0.48578,0.052043,0.06988,-0.42223,0.068034,0.28258,0.064183,0.04672,0.29831,2
0.18293,-0.027377,-0.45882,1.7583,-0.093384,-0.52722,-0.60315,0.099162,0.38203,0.56509,0.20514,0.11551,-0.37368,0.059204,0.27178,0.036463,0.019498,0.30853,2
1.178,0.03962,0.56913,1.7574,-0.10859,-0.6084,-0.37242,0.062821,0.018104,0.64986,0.040045,-0.15195,-0.27115,0.03467,0.32289,0.00083242,0.051302,0.30681,2
0.92469,-0.34897,-0.71537,1.2664,0.55913,-0.5242,-0.52666,0.19928,0.36378,0.58152,0.1345,0.081492,-0.28805,0.0514,0.29234,0.049442,0.063146,0.27281,2
1.4795,-0.10605,0.17944,1.6251,-0.031816,-0.63581,-0.38939,0.46848,0.45407,0.39275,0.43746,0.019429,-0.34416,0.008153,0.27944,0.013872,0.062869,0.31629,2
2.1678,0.00063723,-0.048669,1.6204,0.0389,-0.45786,-0.4286,0.2959,0.51867,0.41807,0.16678,0.0063297,-0.37195,0.013696,0.28037,0.068063,0.04503,0.31132,2
1.3585,-0.90186,-0.14008,1.5566,-0.058205,-0.4022,-0.49307,0.026587,0.30623,0.57939,0.16481,0.10382,-0.43364,0.00020084,0.27898,0.091347,0.080534,0.31109,2
1.6171,-0.42644,-0.015081,1.585,0.070831,-0.39193,-0.52768,0.020845,0.26627,0.43282,0.20778,0.17546,-0.40537,0.043087,0.34255,0.080605,0.023034,0.30342,2
0.25435,-0.2522,-0.076753,1.3775,0.54406,-0.50723,-0.39512,0.097556,0.49885,0.47232,0.23392,0.020063,-0.35268,-0.0040466,0.28378,0.077976,0.077969,0.31857,2
1.1644,-0.0014397,0.50517,1.7614,-0.058202,-0.50506,-0.27091,0.23541,0.4185,0.47023,0.12248,0.13749,-0.42124,0.1091,0.30742,0.068531,0.058278,0.31143,2
1.2252,0.32559,-0.93373,1.5053,0.044195,-0.43542,-0.514,0.18925,0.30197,0.48519,0.2479,0.10089,-0.35407,0.0086727,0.26817,-0.029294,0.078203,0.2972,2
0.17155,-0.023465,-0.45922,1.7753,-0.078359,-0.45319,-0.55339,0.07925,0.36691,0.48183,0.15847,0.083182,-0.37375,0.046809,0.27121,0.073363,0.045196,0.33387,2
0.16793,-0.0066299,-0.46167,1.7468,-0.10751,-0.41603,-0.53783,0.092039,0.35419,0.50134,0.17729,0.082388,-0.32685,0.044267,0.40241,0.0096853,0.024444,0.32774,2
0.79059,-0.51938,-0.1239,1.244,0.27769,-0.41263,-0.43287,-0.12854,0.36562,0.55286,0.098761,0.1056,-0.33679,0.061183,0.28942,0.05029,0.033113,0.30505,2
1.7097,-0.020174,-0.010122,1.5072,0.12123,-0.24552,-0.59754,-0.10316,0.34861,0.45452,0.090683,0.11082,-0.39244,0.059075,0.27335,0.041556,0.016744,0.3094,2
0.48348,0.56335,-0.12982,1.7498,-0.15301,-0.32285,-0.35719,-0.1214,0.28802,0.36542,0.27909,0.093564,-0.30252,0.13809,0.24134,0.071291,0.063009,0.26603,2
0.62956,-0.54155,0.14574,1.587,-0.05449,-0.42874,-0.53034,0.079014,0.3375,0.42921,0.090041,0.086562,-0.37086,0.052248,0.30888,0.014926,0.059811,0.3105,2
1.3768,0.26188,-0.59691,1.7506,0.2104,-0.53258,-0.83268,-0.036714,0.42199,0.60183,0.2658,0.15627,-0.27677,0.015585,0.37481,0.057312,-0.0016685,0.27946,2
0.33947,-0.27963,-0.065454,1.3159,0.42059,-0.48995,-0.56155,0.1596,0.30145,0.48837,0.13048,0.093827,-0.34979,0.043404,0.33595,0.042373,0.020641,0.32957,2
0.97148,-0.25848,-0.91899,1.5212,0.011401,-0.46609,-0.51178,0.19391,0.35686,0.43315,0.12769,0.038878,-0.33128,-0.019619,0.33031,0.048364,0.039441,0.3222,2
0.7543,-0.66845,0.29013,1.5364,-0.073108,-0.37058,-0.51343,0.13167,0.31293,0.5074,0.11438,0.096076,-0.39643,0.053802,0.32699,0.0054465,0.082367,0.31382,2
0.16247,-0.036528,-0.4471,1.7805,-0.065997,-0.4559,-0.55159,0.059504,0.37908,0.5561,0.23783,0.087086,-0.37048,0.051227,0.28205,0.11402,0.063374,0.31836,2
0.17352,-0.011561,-0.45017,1.7233,-0.095272,-0.40608,-0.53666,0.10508,0.35418,0.53447,0.19341,0.086515,-0.34064,0.049349,0.33007,0.052149,0.08271,0.31862,2
1.4852,0.41042,-0.89869,1.6137,-0.085974,-0.39788,-0.47504,0.053571,0.21622,0.36932,0.23325,0.081334,-0.34278,0.2586,0.32849,0.045558,0.043167,0.30008,2
0.70681,-0.56418,0.13469,1.707,-0.05369,-0.51361,-0.49831,0.24822,0.51854,0.59238,0.13958,0.09362,-0.36323,0.084717,0.33363,0.070426,0.052389,0.30979,2
1.0386,-0.64526,-0.1353,1.3901,-0.02767,-0.41234,-0.45921,-0.11385,0.35674,0.44726,0.088557,0.067044,-0.35425,0.047044,0.39578,0.081173,0.015543,0.30606,2
1.0848,0.37945,-0.35768,1.6224,-0.016264,-0.23518,-0.65808,-0.13968,0.42829,0.46072,0.15429,0.040143,-0.38987,-0.0039449,0.2685,0.053469,0.035309,0.31101,2
0.23402,-0.23268,-0.068678,1.2812,0.49516,-0.46993,-0.51004,0.021963,0.33926,0.47931,0.23673,0.040676,-0.36304,0.053919,0.29077,0.050874,0.040495,0.31527,2
1.8262,-0.52505,-0.12032,1.6405,-0.038983,-0.46771,-0.58209,0.027968,0.27992,0.52722,0.25223,0.17478,-0.26643,0.037849,0.27235,0.064561,0.033992,0.34412,2
1.4874,0.062553,-0.62335,1.4953,0.11549,-0.49476,-0.49031,0.13851,0.28788,0.46198,0.12664,0.15421,-0.36935,0.021553,0.3307,0.024626,0.028817,0.32364,2
1.7641,-0.16358,-0.18768,1.6347,0.20059,-0.42524,-0.7143,0.02411,0.46145,0.59805,0.21563,0.12427,-0.33733,-0.049637,0.29128,0.078444,0.02727,0.31675,2
1.1366,0.16001,-0.19656,1.6586,0.030699,-0.53422,-0.51362,0.42393,0.30541,0.27958,0.36146,0.028668,-0.32249,0.015624,0.21732,0.019823,0.087422,0.30811,2
1.7411,-0.41081,-0.29727,1.5654,0.006098,-0.53789,-0.57316,-0.11975,0.32038,0.50332,0.14614,0.18066,-0.34201,0.010937,0.33016,0.10213,0.064289,0.31775,2
1.2078,-0.81255,-0.14227,1.5417,0.0088077,-0.52728,-0.55398,-0.013126,0.34644,0.53818,0.18104,0.11239,-0.3484,0.026312,0.32196,0.075778,0.0048914,0.3043,2
0.36207,-0.32421,0.039965,1.3434,0.27081,-0.43972,-0.42412,0.016976,0.43364,0.45297,0.229,0.016422,-0.38075,0.030854,0.27123,0.061285,0.052684,0.31313,2
0.48403,-0.38021,-0.059851,1.6637,0.0088143,-0.44054,-0.55233,0.116,0.34005,0.45983,0.096993,0.090248,-0.37254,0.063992,0.28509,0.10683,0.022364,0.31461,2
1.5569,0.092859,-0.35066,1.416,0.21719,-0.44626,-0.37443,0.11419,0.23276,0.4129,0.16921,0.1204,-0.38536,0.12578,0.25797,0.055169,0.049441,0.3198,2
0.16887,-0.0027108,-0.45104,1.722,-0.098562,-0.42589,-0.54091,0.07984,0.36485,0.47185,0.15463,0.07638,-0.34101,0.056713,0.2836,0.068122,0.050392,0.31263,2
0.62878,-0.56411,0.10815,1.7168,-0.070277,-0.47673,-0.56775,0.085333,0.35786,0.55594,0.18291,0.11166,-0.39107,0.062044,0.34993,0.068905,0.050128,0.31227,2
0.87684,0.49452,-0.58174,1.6222,-0.1345,-0.3315,-0.23771,-0.26479,0.40109,0.48696,0.15548,0.1724,-0.36237,0.06548,0.30298,0.025521,0.033583,0.29911,2
0.68421,0.23334,0.063683,1.5907,0.56595,-0.64234,-0.549,0.318,0.23117,0.70899,0.14605,0.10518,-0.43201,0.034238,0.25539,0.046044,0.062091,0.36219,2
1.2738,0.27705,-0.41518,1.617,0.28259,-0.57454,-0.44207,0.20763,0.22261,0.45556,0.30142,0.20742,-0.37744,0.10905,0.30085,0.062353,0.047159,0.31758,2
0.66087,-0.58171,0.19188,1.5554,-0.012,-0.41742,-0.53073,0.1019,0.33388,0.47241,0.11154,0.095875,-0.35398,0.062068,0.27105,0.058392,0.058005,0.31269,2
0.2875,-0.30552,-0.029988,1.3697,0.47779,-0.45801,-0.50934,0.025029,0.34413,0.5189,0.25871,0.043608,-0.38838,0.061789,0.25815,0.074861,0.055434,0.3183,2
1.9844,0.013417,-0.12834,1.5627,0.060705,-0.34292,-0.37379,0.12985,0.62662,0.53012,0.16904,0.079929,-0.185,0.0070327,0.28038,0.04407,0.027479,0.34564,2
1.1067,-0.26073,0.45637,1.7548,-0.0086023,-0.43524,-0.58039,0.19939,0.25949,0.55902,0.14031,0.25523,-0.39289,0.10456,0.28013,0.045626,0.058339,0.31473,2
1.6501,0.079818,-0.037321,1.5903,0.15134,-0.32914,-0.38385,-0.055584,0.60172,0.60543,0.10206,0.14719,-0.42119,-0.011967,0.29685,0.036822,0.037895,0.3124,2
0.65147,-0.62094,0.14876,1.7494,-0.079037,-0.48048,-0.50929,-0.095934,0.39847,0.41261,0.1465,0.074705,-0.3883,0.046162,0.2643,0.073859,0.064864,0.31318,2
0.6479,-0.58141,0.16685,1.6186,-0.047749,-0.47022,-0.55682,0.0754,0.35566,0.52559,0.17059,0.1095,-0.34708,0.064353,0.33153,0.023261,0.044815,0.3103,2
1.4089,-0.76034,-0.38915,1.4304,-0.13484,-0.45645,-0.54578,0.08891,0.29472,0.55074,0.1209,0.11867,-0.36463,0.0064397,0.29215,-0.034184,0.052503,0.30932,2
0.5981,-0.46959,0.10607,1.4986,-0.042745,-0.38731,-0.52651,0.13883,0.31669,0.45536,0.076392,0.084649,-0.371,0.064092,0.32555,0.019047,0.061261,0.31762,2
0.57563,-0.42201,-0.051384,1.5671,0.028856,-0.43841,-0.58496,0.31645,0.25756,0.48202,-0.017119,0.18624,-0.27364,-0.0055474,0.32766,0.040897,0.023471,0.30412,2
0.51713,0.478,-0.23455,1.865,0.00027743,-0.50715,-0.52348,0.1056,0.21687,0.50622,0.11472,0.084845,-0.34258,0.038572,0.28835,0.052683,0.027834,0.33103,2
1.0022,0.020263,-0.10878,1.5943,0.091895,-0.34651,-0.41473,-0.15601,0.31351,0.53291,0.084192,0.16902,-0.34932,0.053504,0.33283,-0.024989,0.083345,0.32255,2
1.5622,-0.29776,-0.14752,1.6668,0.10272,-0.50124,-0.57461,0.095845,0.22331,0.51287,0.23114,0.12545,-0.42198,0.034322,0.2686,0.073158,0.060026,0.31711,2
1.1959,-0.73437,-0.35887,1.5338,0.18941,-0.56342,-0.59918,0.083548,0.31343,0.51852,0.19407,0.11081,-0.28407,0.014974,0.28944,0.10685,0.040439,0.31294,2
0.24852,-0.30608,-0.095642,1.4868,0.57669,-0.52538,-0.54463,0.02193,0.35491,0.53113,0.27228,0.062051,-0.35572,0.060316,0.2945,0.064971,0.041488,0.31552,2
1.1866,0.256,-0.40072,1.2816,0.64546,-0.44924,-0.31389,-0.014677,0.26452,0.41406,0.058701,0.18905,-0.35334,0.097776,0.3367,0.059544,0.037282,0.3386,2
0.23452,-0.27458,-0.084214,1.3699,0.53099,-0.49412,-0.51242,0.020675,0.32977,0.49399,0.2549,0.063381,-0.35757,0.0098269,0.34306,0.067241,0.036068,0.33583,2
0.44747,-0.36397,0.023126,1.3241,0.31263,-0.44889,-0.55052,0.18251,0.29434,0.47938,0.096289,0.10142,-0.33361,0.049153,0.30086,0.055483,0.038373,0.30867,2
1.6047,-0.13117,-0.53811,1.5418,0.15498,-0.41817,-0.55523,0.11251,0.22431,0.44671,0.21463,0.13712,-0.23233,0.062331,0.24947,0.086708,0.069435,0.30566,2
1.9122,-0.19072,-0.34813,1.5393,0.1342,-0.47191,-0.32123,0.10539,0.33251,0.44846,0.12291,0.17612,-0.24141,0.068755,0.30384,0.059165,0.023544,0.32005,2
1.9742,0.14759,-0.37556,1.6493,0.25363,-0.51366,-0.52317,0.2297,0.47254,0.44704,0.16681,0.13877,-0.41301,-0.0011096,0.38473,0.05755,0.014781,0.31692,2
0.78433,0.11771,0.155,1.7576,0.052248,-0.49727,-0.51389,0.071593,0.22661,0.50167,0.13887,0.10886,-0.38352,0.03963,0.27381,0.051795,0.031801,0.31818,2
1.6105,-0.34038,-0.20664,1.6224,0.12496,-0.49538,-0.58974,0.077938,0.24805,0.51599,0.23746,0.16703,-0.40078,0.032156,0.34225,0.063396,0.022149,0.31044,2
1.7961,-0.39544,-0.18409,1.6421,0.06774,-0.46473,-0.42953,0.1455,0.40364,0.5418,0.23839,0.13469,-0.21768,0.02909,0.27113,-0.0040942,0.02327,0.33924,2
1.5423,0.33768,0.23357,0.29965,-0.42137,0.028158,-0.49809,-0.047998,0.34751,0.66105,0.25595,0.097747,-0.18786,0.072822,0.30777,0.067563,0.016486,0.40786,2
0.18107,-0.0019019,-0.45959,1.6944,-0.1285,-0.43663,-0.55953,0.13695,0.35022,0.57503,0.19995,0.11031,-0.36405,0.039621,0.30861,0.020271,0.048318,0.31276,2
1.4919,-0.080221,0.32921,1.6103,-0.017112,-0.31322,-0.69945,0.0084511,0.34757,0.33682,0.22921,0.057263,-0.41164,0.016608,0.32016,0.028192,0.042567,0.30335,2
0.28189,-0.28487,-0.021341,1.3046,0.45076,-0.49098,-0.5191,0.0087369,0.34464,0.47787,0.23699,0.043697,-0.37903,0.050387,0.32834,0.039352,0.020222,0.33217,2
0.80653,-0.13206,-1.0449,1.5678,-0.016206,-0.46578,-0.5604,0.10734,0.3071,0.53897,0.16,0.093853,-0.33211,0.00010842,0.30824,0.049613,0.04974,0.31329,2
1.1135,-0.57114,-0.5003,1.4989,0.030676,-0.48726,-0.5524,0.049237,0.32548,0.56085,0.15905,0.11406,-0.30895,0.029558,0.29911,0.032669,0.065877,0.31185,2
1.3312,0.543,-0.80565,1.6593,-0.078209,-0.3313,-0.69935,0.16339,0.39773,0.36758,0.26242,0.033163,-0.31718,-0.043263,0.37771,0.061754,0.031789,0.308,2
1.1254,-0.74029,-0.22996,1.5859,0.057762,-0.52328,-0.58647,0.081256,0.32706,0.59922,0.27809,0.10666,-0.30562,0.030797,0.33944,-0.020894,0.067839,0.32074,2
0.60275,0.23584,0.036101,1.6474,0.017638,-0.4167,-0.49914,-0.022746,0.30459,0.44285,0.22855,0.12716,-0.3694,0.057912,0.30195,0.051096,0.032534,0.31158,2
0.73339,-0.59468,0.23002,1.5752,-0.087003,-0.45489,-0.51065,0.15494,0.43247,0.46068,0.075313,0.074498,-0.32421,0.099296,0.35009,0.075769,0.027299,0.30419,2
0.19009,-0.012687,-0.47748,1.7704,-0.117,-0.48952,-0.59399,0.13092,0.36582,0.54565,0.1654,0.10954,-0.37929,0.057526,0.29968,0.06235,0.070409,0.33864,2
1.5344,-0.27983,-0.15081,1.523,0.058179,-0.39236,-0.50639,-0.0013766,0.2585,0.45743,0.25107,0.13166,-0.26201,0.037128,0.29998,0.047871,0.039344,0.32514,2
1.7057,-0.086217,-0.10152,1.5738,0.11403,-0.33003,-0.69506,-0.021403,0.32691,0.50178,0.14222,0.029647,-0.41419,-0.038879,0.27562,0.062745,0.044406,0.3121,2
0.15654,-0.02894,-0.44493,1.7666,-0.06207,-0.38727,-0.50936,0.059934,0.36135,0.50618,0.20567,0.06916,-0.3601,0.039961,0.26685,0.094291,0.064412,0.31682,2
0.31311,-0.0093686,-0.056857,0.65385,0.12409,-1.0258,-0.86447,0.14595,0.40526,0.43455,0.019729,0.18467,-0.4065,0.10393,0.28668,0.04074,0.042387,0.33927,2
0.23521,-0.24202,-0.071337,1.2972,0.49814,-0.50553,-0.5273,0.019515,0.34106,0.49348,0.24884,0.050495,-0.36808,0.043812,0.35261,0.041775,0.025398,0.33407,2
0.18295,0.011207,-0.45617,1.6848,-0.12662,-0.45652,-0.56865,0.11195,0.35968,0.47756,0.13431,0.094567,-0.3075,0.060064,0.35718,0.0098169,0.049906,0.31011,2
1.4267,0.066569,-0.19159,1.4993,0.51065,-0.52729,-0.30358,-0.044651,0.25621,0.50615,0.1452,0.22516,-0.35125,0.1272,0.33254,0.048241,0.040131,0.32087,2
0.19704,-0.0012043,-0.46467,1.7048,-0.11993,-0.45972,-0.58093,0.1522,0.35096,0.52395,0.14141,0.11218,-0.32901,0.055665,0.32996,0.030454,0.0383,0.3093,2
1.6823,-0.38488,-0.15926,1.544,0.098645,-0.40671,-0.43331,-0.0096471,0.36065,0.55149,0.16723,0.16838,-0.31042,0.024749,0.21063,0.030851,0.039003,0.32953,2
1.5636,-0.019117,-0.19971,1.8859,0.18478,-0.47236,-0.77912,0.13892,0.44312,0.52723,0.29882,0.062259,-0.41864,0.0020952,0.29646,0.05872,0.048298,0.31899,3
0.96305,-0.33961,-0.74403,1.5122,0.076063,-0.44501,-0.4748,0.080277,0.40651,0.50225,0.16253,0.028018,-0.34231,0.04369,0.3186,0.024976,0.072449,0.31325,3
1.1358,-0.59142,-0.37508,1.3158,0.0091529,-0.34129,-0.43442,-0.013299,0.30343,0.4802,0.053398,0.098376,-0.31314,0.0047007,0.24376,0.028393,0.061839,0.31515,3
1.146,-0.64588,-0.36742,1.4614,-0.049226,-0.4289,-0.56286,-0.072482,0.26317,0.55585,0.16326,0.10492,-0.3762,0.058804,0.28999,0.059744,0.038193,0.31432,3
0.19733,-0.025431,-0.39087,1.5105,-0.05187,-0.38271,-0.51136,0.17311,0.29314,0.51437,0.15121,0.12695,-0.30574,-0.037015,0.37138,0.032041,0.06943,0.31465,3
1.5925,-0.4605,0.22546,1.571,-0.061604,-0.35234,-0.53348,0.074332,0.23451,0.28427,0.1831,0.03838,-0.36397,0.056029,0.34109,0.074805,0.069564,0.30524,3
1.2444,0.32815,-0.65074,1.7204,0.26429,-0.26526,-0.7306,-0.071471,0.43112,0.51406,0.10653,0.036792,-0.33565,0.059051,0.34025,0.099133,0.099159,0.32336,3
1.2568,-0.80231,-0.22821,1.5368,0.0086524,-0.53387,-0.64417,-0.024992,0.25779,0.48703,0.17887,0.091979,-0.34051,0.069345,0.41729,0.084623,-0.018858,0.30004,3
0.57122,0.44076,-0.20529,1.859,-0.096457,-0.51752,-0.55094,0.13935,0.22401,0.58379,0.14586,0.11196,-0.33519,0.046479,0.30686,0.030218,0.037276,0.31048,3
0.54609,-0.15951,-0.57586,1.5208,-0.077652,-0.42652,-0.46874,-0.12781,0.38581,0.40281,0.13429,0.043766,-0.3331,0.03691,0.2953,0.058536,0.039812,0.31028,3
0.56793,-0.065418,-0.76117,1.5274,-0.1555,-0.38909,-0.48096,-0.05895,0.36583,0.4413,0.17897,0.01685,-0.38079,0.045499,0.30993,0.05009,0.024498,0.33096,3
1.2954,-0.59632,-0.59239,1.3576,-0.042736,-0.47796,-0.55238,0.083734,0.29022,0.51973,0.14796,0.09621,-0.35196,-0.0057927,0.29882,0.031137,0.04038,0.31181,3
1.1891,0.34501,0.67337,1.7684,0.18506,-0.58793,-0.38297,-0.089933,0.58202,0.47942,0.36939,0.094499,-0.4205,0.17037,0.37651,0.0081956,0.023784,0.31311,3
1.6848,-0.00875,-0.25473,1.6132,0.20479,-0.47967,-0.755,0.001044,0.31238,0.54653,0.17677,0.060623,-0.36581,-0.065761,0.34373,0.061223,0.039308,0.31811,3
1.2635,0.72903,-0.62942,1.8303,0.11063,-0.44899,-0.58306,-0.090031,0.30738,0.58977,0.32632,0.19345,-0.42888,0.12178,0.30861,0.054967,0.049447,0.32408,3
1.7264,-0.15945,-0.36633,1.5209,0.089761,-0.46575,-0.3795,0.25172,0.43078,0.33842,0.22997,0.010919,-0.38979,0.016687,0.31563,0.080229,0.071881,0.31421,3
1.0805,0.26162,-0.74656,1.5506,0.00033487,-0.4265,-0.53885,0.03106,0.26343,0.50881,0.20135,0.14485,-0.34367,-0.010326,0.33964,0.060348,0.038706,0.31424,3
0.55493,-0.14223,-0.70064,1.5579,-0.035145,-0.36968,-0.44782,-0.029435,0.3301,0.49294,0.14019,0.086019,-0.35454,-0.02823,0.32374,0.018127,0.053598,0.33416,3
1.9071,-0.47087,-0.10313,1.5649,-0.043005,-0.4975,-0.59526,0.15121,0.19905,0.47447,0.23561,0.13629,-0.21497,0.038838,0.32935,0.093811,0.02044,0.34016,3
1.1704,0.26832,0.43552,1.9389,0.14227,-0.49637,-0.64952,0.11673,0.20931,0.58731,0.033414,0.017331,-0.32926,0.060035,0.23624,0.053407,0.02502,0.30725,3
1.2408,-0.66769,-0.40086,1.4444,-0.025019,-0.50311,-0.66085,0.06231,0.24404,0.57211,0.19556,0.095743,-0.37382,0.096737,0.315,0.058731,-0.002364,0.30698,3
0.91807,-0.2125,-1.0429,1.5262,0.1854,-0.45196,-0.45606,0.058245,0.41097,0.63291,0.12023,0.10084,-0.32826,0.025636,0.30109,0.061663,0.045271,0.29188,3
0.87354,0.90994,-0.00013692,1.9484,-0.0074412,-0.51067,-0.40628,0.22882,0.43168,0.50847,0.060667,0.0029436,-0.34988,0.079939,0.32565,0.13174,0.045878,0.332,3
0.19463,0.0037804,-0.48693,1.663,-0.18051,-0.5007,-0.59451,0.19286,0.32904,0.59797,0.17419,0.16415,-0.39739,-0.020579,0.28661,0.020265,0.01775,0.3292,3
1.6405,-0.17676,-0.39435,1.381,0.090961,-0.41734,-0.5822,0.133,0.21998,0.46367,0.21939,0.048896,-0.39303,0.076588,0.26157,0.051249,0.037595,0.31515,3
1.3079,0.75341,-0.50908,1.7964,-0.12711,-0.27005,-0.46577,-0.21359,0.34401,0.4908,0.21811,0.14373,-0.32968,0.22005,0.28211,0.03428,0.08602,0.28317,3
0.79921,0.33252,0.18174,1.5305,0.39775,-0.33814,-0.74514,0.1679,0.32321,0.47347,0.057522,0.13858,-0.34855,-0.018779,0.33597,0.055282,0.02662,0.3235,3
1.1488,-0.020365,0.51312,1.8187,-0.022986,-0.34052,-0.7008,0.032392,0.3559,0.5271,0.1316,0.12078,-0.40948,-0.023106,0.29776,0.014806,0.061775,0.31158,3
1.5286,-0.26545,-0.19974,1.3941,0.10877,-0.39727,-0.53702,0.0055808,0.26877,0.47551,0.22742,0.10538,-0.36841,0.042593,0.33656,0.041738,0.052451,0.31702,3
0.28222,-0.28765,-0.023544,1.3191,0.45971,-0.4851,-0.51428,0.0024548,0.34852,0.45231,0.21858,0.041062,-0.36788,0.056006,0.25837,0.035696,0.04253,0.3139,3
1.2499,-0.69761,-0.31863,1.3859,0.036299,-0.51833,-0.5711,0.018114,0.34028,0.50688,0.15668,0.082619,-0.28348,0.074598,0.34956,0.0070782,0.042614,0.31634,3
1.1884,0.43791,-0.10631,0.3482,-0.41588,-0.17683,-0.31692,0.1784,0.21553,0.51048,0.27966,0.00072886,-0.46208,0.00064789,0.45168,0.078547,0.044899,0.32556,3
1.0435,-0.48088,-0.57868,1.6437,0.0021078,-0.52863,-0.603,0.33282,0.34336,0.44445,0.2165,0.038083,-0.30857,0.002368,0.30901,0.056249,0.053013,0.31052,3
0.23466,-0.22595,-0.065116,1.2619,0.48555,-0.46384,-0.51159,0.026531,0.34222,0.50396,0.25687,0.043454,-0.33542,0.065975,0.31303,0.052076,0.022743,0.29074,3
1.112,0.59893,-0.65981,1.6412,0.05317,-0.31102,-0.64567,-0.10755,0.36184,0.49615,0.14594,-0.0036931,-0.3564,0.0035531,0.29584,0.044924,0.020431,0.31035,3
1.5935,0.39659,-0.45596,1.7134,0.2672,-0.74903,-0.082941,0.164,0.51741,0.48951,0.24656,0.18909,-0.31742,0.12848,0.37578,0.042528,0.057904,0.30366,3
1.258,-0.65433,-0.37018,1.3664,0.065843,-0.50593,-0.52351,0.15018,0.38525,0.52303,0.14848,0.046402,-0.44758,0.042304,0.23428,0.086319,0.0040169,0.30592,3
1.6644,-0.25392,-0.25379,1.4304,0.0074855,-0.37811,-0.47783,-0.038167,0.24004,0.46378,0.13085,0.078298,-0.35617,0.043712,0.30701,0.037947,0.037515,0.31196,3
1.3346,0.39062,-0.035534,0.62504,-0.0081376,-0.60175,-0.80281,-0.18801,0.46636,0.39208,0.050166,0.15781,-0.34216,0.050655,0.20652,0.036606,0.033334,0.2953,3
1.2616,-0.56277,-0.50361,1.3026,-0.025696,-0.39634,-0.55922,0.1766,0.26034,0.36927,0.15796,-0.010002,-0.32443,0.052381,0.31205,0.057644,0.027519,0.30761,3
1.5004,-0.11672,-0.35148,1.46,0.16227,-0.4467,-0.56622,0.10997,0.21532,0.40004,0.057789,0.065109,-0.33186,0.067995,0.24806,0.068954,0.00081246,0.30602,3
1.4635,-0.78785,-0.39153,1.3649,-0.086638,-0.43702,-0.62856,0.08336,0.22025,0.64212,0.23365,0.088323,-0.4521,0.084608,0.2278,0.015949,0.026071,0.31207,3
1.3135,-0.682,-0.36968,1.4413,-0.050889,-0.4357,-0.46811,0.050219,0.40921,0.44441,0.11096,0.02323,-0.32099,0.065187,0.35782,0.062699,0.031986,0.30621,3
1.7349,-0.20665,-0.44671,1.5517,0.029441,-0.4497,-0.62737,0.22719,0.19452,0.42482,0.17114,0.081795,-0.37681,0.086123,0.33632,0.061932,0.041038,0.3116,3
0.58467,0.3473,-0.10284,1.765,0.088362,-0.60126,-0.57768,0.10246,0.23341,0.5759,0.16499,0.11348,-0.36843,0.027229,0.29385,-0.0044402,0.027295,0.33098,3
1.3346,0.73603,-0.19448,0.99444,-0.19218,-1.3171,-0.34326,-0.12099,0.32016,0.55705,0.059691,-0.1005,-0.36461,-0.01474,0.29387,0.05712,0.052987,0.33236,3
1.2871,0.12319,-0.20957,1.4615,0.34504,-0.177,-0.60025,-0.13178,0.39338,0.45133,0.10681,0.15535,-0.35907,-0.046536,0.29987,-0.0073396,0.11202,0.32813,3
1.0299,-0.43735,-0.68564,1.5417,0.042273,-0.5374,-0.58103,0.0050393,0.36732,0.62362,0.18021,0.11318,-0.34113,0.077893,0.29124,0.12213,0.0063662,0.30219,3
1.1421,-0.6252,-0.35443,1.2963,0.046161,-0.43906,-0.54947,-0.10454,0.27196,0.6059,0.14703,0.1287,-0.35078,0.073832,0.28516,0.030344,0.0016623,0.31033,3
0.5484,-0.021564,-0.80861,1.503,-0.08311,-0.41244,-0.41489,-0.01489,0.44892,0.53065,0.061101,0.090007,-0.34139,0.024955,0.32387,0.053631,0.02928,0.30925,3
1.0056,0.029875,0.42482,1.7061,0.090099,-0.27017,-0.71872,0.0096456,0.41078,0.44313,0.12965,0.1236,-0.40123,0.00024814,0.3209,0.049386,0.027129,0.30814,3
1.5754,-0.92404,-0.20255,1.4244,-0.17316,-0.43317,-0.43159,-0.025215,0.42239,0.53023,0.10016,0.075849,-0.38652,0.029445,0.26849,0.084845,0.068199,0.31796,3
1.3672,-0.70965,-0.45929,1.5184,-0.017309,-0.4501,-0.49591,0.11433,0.39306,0.55079,0.18981,0.027308,-0.43089,0.052189,0.29178,0.070664,0.054187,0.31287,3
1.32,-0.61549,-0.59746,1.4046,0.021745,-0.44627,-0.53483,0.035849,0.31443,0.52948,0.12805,0.070915,-0.35225,0.056098,0.31161,0.061994,0.037188,0.31239,3
1.3941,-0.035032,-0.29252,1.6001,0.11005,-0.47856,-0.47151,0.1068,0.32307,0.58404,-0.0021209,0.2064,-0.38625,0.079628,0.33305,0.061704,0.034619,0.31845,3
1.3262,-0.69953,-0.44775,1.5115,-0.02204,-0.53947,-0.54084,0.13848,0.40641,0.60166,0.16754,0.10633,-0.36079,0.032561,0.21142,0.062033,0.038981,0.31721,3
0.85793,0.35878,0.23728,1.6442,0.14284,-0.33491,-0.56483,0.091984,0.53484,0.40628,0.12763,0.097532,-0.34575,-0.018786,0.31833,0.045397,0.023117,0.30857,3
0.91589,-0.54134,-0.32823,1.5363,0.06852,-0.45478,-0.42202,0.0043774,0.42655,0.63307,0.095887,0.15448,-0.36462,-0.014701,0.30074,0.078696,0.026898,0.31121,3
1.4788,0.073383,-0.37271,1.758,0.24019,-0.24092,-0.64902,0.14381,0.39729,0.54557,0.2584,0.065547,-0.40001,-0.078869,0.33505,0.098546,-0.019122,0.30923,3
0.59934,-0.49544,0.10197,1.5451,-0.014376,-0.39671,-0.52624,0.13611,0.31368,0.46468,0.089755,0.096543,-0.3574,0.044296,0.34133,0.076445,0.054569,0.31755,3
1.4914,-0.007553,0.077616,0.80987,-0.29568,-1.0082,-0.82389,0.031294,0.28724,0.25237,0.17513,0.082014,-0.34972,0.049099,0.31201,0.057259,0.04856,0.31627,3
1.3633,0.38064,-1.1347,1.549,-0.045197,-0.43223,-0.49541,0.10763,0.31985,0.4316,0.1974,0.06422,-0.29135,0.061575,0.37361,0.06097,0.030146,0.28927,3
0.22407,-0.068874,-0.41031,1.7775,-0.13736,-0.46837,-0.56895,0.081851,0.37664,0.52859,0.18948,0.096836,-0.34865,0.061957,0.3093,0.018523,0.042867,0.30993,3
1.3922,-0.67572,-0.57312,1.3962,0.0086328,-0.45985,-0.56432,0.14951,0.26587,0.52071,0.1319,0.081515,-0.42408,0.0015464,0.23557,0.046956,0.042343,0.31154,3
1.3332,-0.76815,-0.25408,1.4454,-0.081678,-0.47414,-0.59325,0.15185,0.30282,0.57582,0.20585,0.076338,-0.41681,0.061773,0.24019,0.062196,0.04667,0.31283,3
1.8683,-0.159,-0.049171,1.6892,0.14027,-0.67111,-0.2216,0.1158,0.51658,0.56809,0.26832,0.148,-0.45502,0.12778,0.24536,0.065444,0.020448,0.31087,3
0.57112,-0.085789,-0.74835,1.3738,0.035907,-0.32656,-0.438,0.023797,0.29344,0.40522,0.15323,0.032642,-0.32996,-0.030539,0.28404,0.0058252,0.051754,0.3122,3
1.7714,-0.21445,-0.18682,1.6519,0.16026,-0.54166,-0.35888,0.056888,0.38146,0.46627,0.25302,0.17383,-0.39363,0.099966,0.29415,0.067434,0.051037,0.31644,3
1.209,-0.60737,-0.44234,1.3356,0.046652,-0.46971,-0.5446,0.048858,0.3085,0.4823,0.15295,0.06191,-0.34029,0.038794,0.32514,0.030687,0.039014,0.31151,3
1.1514,0.39512,0.33185,2.1044,0.22789,-0.6971,-0.5868,0.23141,0.34685,0.7816,0.13324,0.0031898,-0.29313,0.044027,0.29926,0.054881,0.051412,0.30194,3
1.4349,-0.78937,-0.32819,1.4872,0.029503,-0.44707,-0.32822,0.10371,0.56878,0.52919,0.14761,0.010812,-0.35571,0.012283,0.33894,0.0040843,0.082793,0.31159,3
1.8338,-0.11527,-0.21729,1.4621,0.12155,-0.29736,-0.7968,0.025401,0.44145,0.5908,0.20204,0.077041,-0.021829,0.16781,0.15953,0.049363,0.0064316,0.3952,3
1.2193,-0.53257,-0.56258,1.3051,0.021735,-0.37698,-0.49642,0.059588,0.29574,0.47766,0.062942,0.072049,-0.29346,0.0521,0.30315,0.037189,0.042336,0.30667,3
0.75167,-0.39462,-0.32828,1.5162,-0.063351,-0.38581,-0.40703,0.015636,0.46126,0.5951,0.12855,0.16372,-0.057758,0.044194,0.14697,0.072241,0.067922,0.29928,3
0.98643,-0.4084,-0.5415,1.3974,-0.054276,-0.391,-0.52833,0.10165,0.29036,0.38686,0.20144,-0.0039152,-0.33082,0.031352,0.30899,0.035077,0.043249,0.31223,3
0.53606,-0.40966,-0.015223,1.568,0.049623,-0.44196,-0.5678,0.19235,0.31102,0.45517,0.042745,0.12102,-0.31169,0.05679,0.29282,0.055494,0.031268,0.30823,3
1.6061,0.032537,-0.23212,1.5492,0.10346,-0.28069,-0.70405,-0.03308,0.37797,0.50782,0.19377,0.062655,-0.40889,0.029813,0.26816,0.045333,0.064725,0.31967,3
1.2304,-0.79996,-0.20153,1.5888,-0.026491,-0.52635,-0.55018,-0.068586,0.38599,0.65235,0.20871,0.11778,-0.41612,0.078021,0.27674,0.044533,0.026212,0.31078,3
0.50641,0.4673,-0.28147,1.8196,-0.05315,-0.38377,-0.52152,0.17714,0.24148,0.46812,0.13156,0.21466,-0.29994,0.04609,0.30444,0.058499,0.034874,0.28928,3
1.0864,-0.69969,-0.23428,1.4855,0.040604,-0.48113,-0.61834,0.008705,0.25329,0.66056,0.30112,0.11087,-0.39635,0.058624,0.33544,0.043816,0.086353,0.32453,3
0.92864,-0.091959,0.34009,1.6848,0.01086,-0.38909,-0.50034,0.104,0.22832,0.4983,0.11446,0.11265,-0.40597,0.031015,0.26289,0.068652,0.077098,0.31816,3
0.15824,0.0059296,-0.42963,1.6497,-0.12518,-0.46497,-0.55802,0.061084,0.36932,0.55311,0.24518,0.089715,-0.30376,0.043111,0.52499,0.099253,0.049365,0.33595,3
1.7227,0.2379,-0.15883,0.86752,-0.19528,-1.0318,-0.93799,-0.12088,0.52231,0.50714,0.036851,0.12663,-0.33769,-0.037541,0.2891,0.063631,0.063654,0.32131,3
0.97925,0.79074,0.37978,0.88291,-0.11791,-0.75921,-0.62391,0.20721,0.56565,0.36393,0.0013272,0.16754,-0.32208,0.089448,0.21968,0.043853,0.041594,0.27983,3
0.79147,0.37342,0.10372,1.5966,0.57981,-0.45595,-0.81787,0.31507,0.26133,0.69518,0.046609,0.098408,-0.35562,-0.018365,0.24095,0.05425,0.076274,0.31831,3
1.6862,-0.29686,-0.2383,1.5319,0.065857,-0.49669,-0.63647,0.23134,0.19529,0.51398,0.22289,0.13956,-0.40142,0.045768,0.34016,0.072966,0.050355,0.31472,3
1.1286,-0.57969,-0.43675,1.4272,-0.033963,-0.43782,-0.60352,0.024662,0.23701,0.49269,0.15853,0.07425,-0.38166,0.068105,0.23752,0.057006,0.029292,0.3125,3
1.2985,-0.69677,-0.35197,1.4501,-0.10347,-0.53857,-0.65026,0.17965,0.29961,0.47595,0.29872,0.017889,-0.37145,0.05915,0.30853,0.078733,-0.016124,0.30155,3
0.92754,-0.22805,0.49378,1.7591,0.0028235,-0.35669,-0.42315,-0.16623,0.32255,0.41698,0.28673,0.08216,-0.42638,0.051052,0.29887,0.084012,0.062367,0.31752,3
1.627,-0.86991,-0.31622,1.3955,-0.23258,-0.47968,-0.50443,0.065938,0.42121,0.59502,0.17225,0.073,-0.34102,0.075164,0.32284,-0.026547,-0.0036929,0.31552,3
1.1219,-0.8418,0.17805,1.6061,-0.22934,-0.44491,-0.57613,0.10688,0.3393,0.34145,0.19971,0.042868,-0.17636,0.078246,0.19857,0.069954,-0.0048486,0.35276,3
1.1626,-0.65077,-0.31721,1.4394,0.012205,-0.44311,-0.52087,0.0029091,0.33776,0.53241,0.11597,0.085738,-0.35495,0.068776,0.31616,0.062218,0.038549,0.31177,3
1.5509,0.24026,-0.45431,1.5273,0.13451,-0.40103,-0.76227,0.18084,0.40753,0.51484,0.23014,-0.05556,-0.37516,0.03999,0.3159,0.02917,0.0028867,0.30747,3
1.139,0.045078,-0.34472,1.5879,0.1576,-0.35503,-0.43307,-0.14919,0.30041,0.40455,0.10882,0.11493,-0.30432,0.066381,0.35784,0.066708,0.067073,0.32107,3
1.8241,0.34841,-0.38571,1.1043,0.046273,0.27964,0.28703,0.42349,0.19273,0.41923,0.13678,-0.11547,-0.58128,0.078488,-0.013112,0.013654,-0.019847,0.30555,3
0.9742,-0.54618,-0.34487,1.3786,0.11868,-0.41957,-0.56436,-0.021647,0.23891,0.5321,0.14391,0.090406,-0.38216,0.062722,0.34975,-0.025249,0.046045,0.31978,3
1.17,0.68929,-0.61541,1.6988,0.071263,-0.6745,0.083737,0.049528,0.58918,0.63904,0.015016,0.0027691,-0.3205,-0.047078,0.33251,0.038201,0.049818,0.30934,3
2.0891,0.13771,-0.20038,1.5765,0.19083,-0.60072,-0.38731,0.18694,0.67537,0.61524,0.20128,0.049539,-0.36934,0.068061,0.32491,0.073701,-0.020967,0.30699,3
0.99064,0.060383,-0.11716,1.5266,0.12636,-0.51171,-0.51537,0.01662,0.22118,0.6349,0.22592,0.085883,-0.34481,-0.04079,0.34231,0.06503,0.051189,0.32008,3
1.2206,-0.73713,-0.20276,1.5405,-0.086519,-0.49801,-0.48145,-0.013581,0.45055,0.47288,0.17328,0.032746,-0.39764,0.059908,0.22741,0.065628,0.016799,0.30537,3
1.4347,-0.7536,-0.33516,1.2572,-0.07658,-0.58711,-0.58515,-0.043309,0.35468,0.46786,0.057006,0.10685,-0.33796,0.062083,0.32485,-0.0010332,0.07825,0.31519,3
0.75249,-0.35626,-0.47723,1.2251,0.498,-0.52927,-0.52276,-0.051133,0.35008,0.56342,0.097266,0.097833,-0.3694,0.074553,0.34381,0.056058,0.039521,0.33684,3
1.2741,-0.65272,-0.49884,1.4313,0.094655,-0.54627,-0.59851,0.048619,0.3332,0.54515,0.18504,0.072886,-0.36078,0.073404,0.3098,0.064366,0.046373,0.31498,3
0.28228,-0.31332,-0.031894,1.3765,0.48516,-0.47075,-0.50324,0.0059701,0.33914,0.4716,0.24088,0.051166,-0.33816,0.034936,0.31754,0.063916,0.034166,0.31239,3
1.5319,0.68549,-0.93169,1.6938,0.036209,-0.50998,-0.65775,0.07556,0.35656,0.51775,0.31073,0.012172,-0.39866,0.067765,0.3617,0.065299,0.042741,0.33889,3
1.0431,-0.70069,-0.094098,1.4726,-0.012774,-0.4238,-0.50872,0.045505,0.30295,0.39091,0.16614,0.053638,-0.32775,-0.0048763,0.28436,0.043004,0.034533,0.30678,3
0.23384,-0.056622,-0.41625,1.7498,-0.15712,-0.4417,-0.56558,0.12716,0.3601,0.5513,0.1706,0.098552,-0.41717,0.055574,0.24144,0.054022,0.064328,0.33747,3
1.6686,-0.49954,-0.053396,1.6272,0.067347,-0.47722,-0.55261,-0.065122,0.2976,0.52055,0.23801,0.15408,-0.35778,0.012505,0.32573,0.063707,0.040525,0.31775,3
1.2672,-0.65376,-0.27561,1.3638,-0.041445,-0.44413,-0.33567,0.1239,0.56916,0.49415,0.17153,-0.012143,-0.36144,0.016196,0.3535,0.030813,0.06344,0.31028,3
1.9084,-0.1135,-0.088708,1.6417,0.12005,-0.26857,-0.58316,0.10219,0.5049,0.4029,0.19198,-0.023441,-0.35695,0.087614,0.35978,0.083713,0.068692,0.31316,3
1.5937,-0.48535,0.23752,1.8056,-0.0041572,-0.57591,-0.51156,0.023234,0.32383,0.39406,0.24508,0.043581,-0.31249,0.0048157,0.43655,0.029627,0.066456,0.30179,3
1.0177,-0.54132,-0.41421,1.4927,0.014242,-0.50323,-0.54202,-0.043899,0.37602,0.61691,0.18307,0.11268,-0.3368,0.078276,0.32023,0.036735,0.0099665,0.30469,3
0.69633,-0.57056,0.15366,1.6571,-0.038775,-0.50881,-0.55093,0.18779,0.44008,0.53855,0.10918,0.098565,-0.36457,0.10507,0.29196,0.0080254,0.054361,0.30966,3
1.3503,0.29149,-0.2104,1.3499,0.56929,-0.322,-0.54747,-0.011011,0.39538,0.48022,0.084991,0.12372,-0.33721,0.022096,0.27842,0.044834,0.050371,0.29896,3
1.4985,-0.25568,-0.019612,1.5629,0.077451,-0.52148,-0.39708,0.090824,0.37,0.49731,0.15982,0.057325,-0.33365,-0.058794,0.30394,0.057122,0.033254,0.30707,3
1.5157,0.51632,-0.18701,0.32135,-0.36255,-0.062547,-0.54277,0.16544,0.36597,0.72563,0.18664,0.084796,-0.43735,-0.023098,0.43362,0.083676,0.053183,0.31801,3
0.18893,-0.0074109,-0.4628,1.735,-0.11087,-0.46823,-0.58314,0.12386,0.36982,0.54404,0.176,0.10584,-0.32475,0.074248,0.29636,0.061353,0.046961,0.29085,3
0.88565,-0.12465,0.3383,1.6256,0.065087,-0.37679,-0.52947,0.077841,0.2789,0.49754,0.16876,0.14443,-0.2932,0.054113,0.34016,0.024749,0.065561,0.31643,3
1.6541,-0.02393,-0.25798,1.685,0.23682,-0.59863,-0.40841,0.087654,0.27058,0.57231,0.29533,0.31854,-0.3386,0.16275,0.2707,0.068824,0.05468,0.31945,3
1.6071,-0.12528,-0.37583,1.3872,0.12181,-0.39836,-0.48923,-0.0095898,0.23273,0.42618,0.13619,0.092476,-0.38985,0.084657,0.33531,0.05557,0.026101,0.31847,3
0.92283,0.34856,-0.59043,1.5725,0.12492,-0.4955,-0.51787,-0.044579,0.29854,0.61162,0.23479,0.18622,-0.38245,0.082433,0.28942,0.029292,0.0104,0.29234,3
1.2677,-0.61612,-0.50815,1.3451,0.089743,-0.44373,-0.53446,0.045719,0.32115,0.62119,0.15087,0.072209,-0.48236,0.077709,0.21092,0.10027,0.064567,0.32759,3
1.4585,-0.17852,-0.30919,1.5053,0.10637,-0.39424,-0.50096,0.018746,0.23688,0.49122,0.17597,0.14286,-0.41228,-0.0095471,0.27863,0.068453,0.050311,0.32287,3
1.4349,-0.79186,-0.34031,1.4533,-0.037621,-0.49172,-0.52661,0.18805,0.35893,0.45891,0.12834,0.062085,-0.33003,0.0035966,0.30428,0.040711,0.05299,0.3076,3
1.8364,0.45894,0.10056,0.97768,-0.19597,-1.221,-0.78867,0.027952,0.38227,0.47497,0.14814,-0.080284,-0.36095,-0.013384,0.27742,0.066958,0.06928,0.31967,3
1.2437,-0.16422,-0.0075181,1.5762,0.11099,-0.39976,-0.47224,-0.028579,0.24253,0.47594,0.24815,0.078753,-0.29005,0.012239,0.33496,0.019676,0.033819,0.31216,3
0.53051,-0.34188,-0.068537,1.585,-0.070651,-0.38931,-0.48972,0.26367,0.38147,0.48735,0.047917,0.10253,-0.32459,0.038225,0.30855,0.059855,0.033228,0.30733,3
1.051,-0.50258,-0.41018,1.4698,0.029041,-0.47816,-0.41341,0.019701,0.5467,0.55052,0.18567,0.0097348,-0.35058,0.099066,0.30187,0.058408,0.040547,0.30758,3
1.3511,-0.61051,-0.65922,1.4699,0.11912,-0.47608,-0.5261,0.15856,0.37839,0.50022,0.17983,0.02215,-0.26999,0.069504,0.37329,-0.034664,0.064712,0.30677,3
0.15745,0.011561,-0.44644,1.6749,-0.12586,-0.3969,-0.51999,0.083321,0.3529,0.50449,0.18435,0.073387,-0.38714,0.035048,0.29381,0.035657,0.047744,0.33447,3
1.613,0.067598,-0.34928,1.6536,0.22146,-0.36416,-0.71431,-0.11608,0.3952,0.55748,0.086562,0.021836,-0.39003,0.068079,0.33861,0.11297,0.025249,0.31889,3
1.5339,0.051995,-0.57876,1.5582,0.14689,-0.4976,-0.51161,0.21295,0.25984,0.46091,0.22264,0.064928,-0.33786,0.074716,0.23728,0.059312,0.041216,0.30551,3
1.2246,-0.52204,-0.59504,1.3302,0.043245,-0.41283,-0.54979,0.14212,0.28689,0.57417,0.12235,0.061959,-0.44177,0.0727,0.25832,0.018864,0.068068,0.32442,3
1.2549,-0.29368,0.1754,1.5695,0.045156,-0.53886,-0.65892,0.080901,0.30518,0.49801,0.34377,0.077241,-0.40217,0.078656,0.3006,0.0032802,0.036901,0.31272,3
1.3216,-0.72295,-0.31665,1.3922,-0.07299,-0.34679,-0.46312,-0.023496,0.31848,0.49226,0.1261,0.033179,-0.41688,0.06038,0.30725,0.056745,0.030379,0.30863,3
1.4198,0.49617,-0.52868,1.5558,0.17763,-0.32212,-0.60769,-0.089552,0.33591,0.48277,0.14265,0.096876,-0.37692,0.12081,0.3333,0.051612,0.025764,0.31341,3
1.97,-0.025833,-0.28439,1.6341,0.10595,-0.67468,-0.22346,0.19534,0.44057,0.39647,0.1496,0.08644,-0.36859,0.10875,0.36827,0.062684,0.035006,0.30769,3
1.189,-0.070409,0.60709,1.8414,0.069343,-0.46887,-0.70006,0.001396,0.28099,0.74475,0.13928,-0.10878,-0.33931,-0.085142,0.28631,0.08053,0.066377,0.31243,3
